runtime,transfer_s,serialization_s,wasm_vm_io_s
RR,0.866915105,0.000264914,0.229661058
RC,1.081091731,0.096302649,0
W,1.066314933,1.555044937,0.229661058
